{
  "Ansi 5 Color" : {
    "Red Component" : 0.58431375026702881,
    "Color Space" : "sRGB",
    "Blue Component" : 0.72156864404678345,
    "Alpha Component" : 1,
    "Green Component" : 0.49803921580314636
  },
  "Tags" : [

  ],
  "Ansi 12 Color" : {
    "Red Component" : 0.49803921580314636,
    "Color Space" : "sRGB",
    "Blue Component" : 0.7921568751335144,
    "Alpha Component" : 1,
    "Green Component" : 0.70588237047195435
  },
  "Horizontal Spacing" : 1,
  "Ansi 7 Color" : {
    "Red Component" : 0.78431373834609985,
    "Color Space" : "sRGB",
    "Blue Component" : 0.57647061347961426,
    "Alpha Component" : 1,
    "Green Component" : 0.75294119119644165
  },
  "Bold Color" : {
    "Red Component" : 0.93333333730697632,
    "Color Space" : "sRGB",
    "Blue Component" : 0.93333333730697632,
    "Alpha Component" : 1,
    "Green Component" : 0.93333333730697632
  },
  "Ansi 8 Color" : {
    "Red Component" : 0.44705882668495178,
    "Color Space" : "sRGB",
    "Blue Component" : 0.4117647111415863,
    "Alpha Component" : 1,
    "Green Component" : 0.44313725829124451
  },
  "Ansi 9 Color" : {
    "Red Component" : 0.90980392694473267,
    "Color Space" : "sRGB",
    "Blue Component" : 0.14117647707462311,
    "Alpha Component" : 1,
    "Green Component" : 0.14117647707462311
  },
  "Ansi 3 Color" : {
    "Red Component" : 0.75294119119644165,
    "Color Space" : "sRGB",
    "Blue Component" : 0.43137255311012268,
    "Alpha Component" : 1,
    "Green Component" : 0.63921570777893066
  },
  "Rows" : 25,
  "Default Bookmark" : "No",
  "Ansi 2 Color" : {
    "Red Component" : 0.46274510025978088,
    "Color Space" : "sRGB",
    "Blue Component" : 0.41568627953529358,
    "Alpha Component" : 1,
    "Green Component" : 0.58039218187332153
  },
  "Cursor Guide Color" : {
    "Red Component" : 0.70213186740875244,
    "Color Space" : "sRGB",
    "Blue Component" : 1,
    "Alpha Component" : 0.25,
    "Green Component" : 0.9268307089805603
  },
  "Non-ASCII Anti Aliased" : true,
  "Use Bright Bold" : true,
  "Ansi 10 Color" : {
    "Red Component" : 0.59607845544815063,
    "Color Space" : "sRGB",
    "Blue Component" : 0.42352941632270813,
    "Alpha Component" : 1,
    "Green Component" : 0.73333334922790527
  },
  "Ambiguous Double Width" : false,
  "Jobs to Ignore" : [
    "rlogin",
    "ssh",
    "slogin",
    "telnet"
  ],
  "Ansi 15 Color" : {
    "Red Component" : 0.86274510622024536,
    "Color Space" : "sRGB",
    "Blue Component" : 0.729411780834198,
    "Alpha Component" : 1,
    "Green Component" : 0.84313726425170898
  },
  "Foreground Color" : {
    "Red Component" : 0.86274510622024536,
    "Color Space" : "sRGB",
    "Blue Component" : 0.729411780834198,
    "Alpha Component" : 1,
    "Green Component" : 0.84313726425170898
  },
  "Working Directory" : "\/Users\/filmaj",
  "Blinking Cursor" : false,
  "Disable Window Resizing" : true,
  "Sync Title" : false,
  "Prompt Before Closing 2" : false,
  "BM Growl" : true,
  "Command" : "",
  "Description" : "Default",
  "Mouse Reporting" : true,
  "Screen" : -1,
  "Selection Color" : {
    "Red Component" : 0.17647059261798859,
    "Color Space" : "sRGB",
    "Blue Component" : 0.40392157435417175,
    "Alpha Component" : 1,
    "Green Component" : 0.30980393290519714
  },
  "Columns" : 80,
  "Idle Code" : 0,
  "Ansi 13 Color" : {
    "Red Component" : 0.57647061347961426,
    "Color Space" : "sRGB",
    "Blue Component" : 0.66274511814117432,
    "Alpha Component" : 1,
    "Green Component" : 0.54117649793624878
  },
  "Custom Command" : "No",
  "ASCII Anti Aliased" : true,
  "Non Ascii Font" : "Monaco 12",
  "Vertical Spacing" : 1,
  "Use Bold Font" : true,
  "Option Key Sends" : 0,
  "Selected Text Color" : {
    "Red Component" : 0.78431373834609985,
    "Color Space" : "sRGB",
    "Blue Component" : 0.57647061347961426,
    "Alpha Component" : 1,
    "Green Component" : 0.75294119119644165
  },
  "Background Color" : {
    "Red Component" : 0.12156862765550613,
    "Color Space" : "sRGB",
    "Blue Component" : 0.15686275064945221,
    "Alpha Component" : 1,
    "Green Component" : 0.12156862765550613
  },
  "Character Encoding" : 4,
  "Ansi 11 Color" : {
    "Red Component" : 0.90196079015731812,
    "Color Space" : "sRGB",
    "Blue Component" : 0.51764708757400513,
    "Alpha Component" : 1,
    "Green Component" : 0.76470589637756348
  },
  "Use Italic Font" : true,
  "Unlimited Scrollback" : true,
  "Keyboard Map" : {
    "0xf703-0x300000-0x7c" : {
      "Version" : 1,
      "Action" : 11,
      "Text" : "0x05",
      "Label" : ""
    },
    "0xf702-0x300000-0x7b" : {
      "Version" : 1,
      "Action" : 11,
      "Text" : "0x01",
      "Label" : ""
    }
  },
  "Window Type" : 0,
  "Background Image Location" : "",
  "Blur" : false,
  "Badge Color" : {
    "Red Component" : 1,
    "Color Space" : "sRGB",
    "Blue Component" : 0,
    "Alpha Component" : 0.5,
    "Green Component" : 0.1491314172744751
  },
  "Scrollback Lines" : 0,
  "Send Code When Idle" : false,
  "Close Sessions On End" : true,
  "Terminal Type" : "xterm-256color",
  "Visual Bell" : true,
  "Flashing Bell" : false,
  "Silence Bell" : false,
  "Ansi 14 Color" : {
    "Red Component" : 0.47843137383460999,
    "Color Space" : "sRGB",
    "Blue Component" : 0.62352943420410156,
    "Alpha Component" : 1,
    "Green Component" : 0.65882354974746704
  },
  "Name" : "Default",
  "Cursor Text Color" : {
    "Red Component" : 0.11372549086809158,
    "Color Space" : "sRGB",
    "Blue Component" : 0.18431372940540314,
    "Alpha Component" : 1,
    "Green Component" : 0.12549020349979401
  },
  "Shortcut" : "",
  "Tab Color" : {
    "Red Component" : 0.17647059261798859,
    "Color Space" : "sRGB",
    "Blue Component" : 0.40392157435417175,
    "Alpha Component" : 1,
    "Green Component" : 0.30980393290519714
  },
  "Cursor Color" : {
    "Red Component" : 0.78431373834609985,
    "Color Space" : "sRGB",
    "Blue Component" : 0.57647061347961426,
    "Alpha Component" : 1,
    "Green Component" : 0.75294119119644165
  },
  "Ansi 0 Color" : {
    "Red Component" : 0.035294119268655777,
    "Color Space" : "sRGB",
    "Blue Component" : 0.094117648899555206,
    "Alpha Component" : 1,
    "Green Component" : 0.023529412224888802
  },
  "Custom Directory" : "Recycle",
  "Guid" : "9EB685FB-8F00-4231-B47A-F75D71C7C8E4",
  "Ansi 4 Color" : {
    "Red Component" : 0.49411764740943909,
    "Color Space" : "sRGB",
    "Blue Component" : 0.84705883264541626,
    "Alpha Component" : 1,
    "Green Component" : 0.61176472902297974
  },
  "Right Option Key Sends" : 0,
  "Use Non-ASCII Font" : false,
  "Ansi 6 Color" : {
    "Red Component" : 0.41568627953529358,
    "Color Space" : "sRGB",
    "Blue Component" : 0.5372549295425415,
    "Alpha Component" : 1,
    "Green Component" : 0.58431375026702881
  },
  "Normal Font" : "SauceCodeProNFM 14",
  "Transparency" : 0,
  "Link Color" : {
    "Red Component" : 0.44705882668495178,
    "Color Space" : "sRGB",
    "Blue Component" : 0.73725491762161255,
    "Alpha Component" : 1,
    "Green Component" : 0.65490198135375977
  },
  "Ansi 1 Color" : {
    "Red Component" : 0.76470589637756348,
    "Color Space" : "sRGB",
    "Blue Component" : 0.26274511218070984,
    "Alpha Component" : 1,
    "Green Component" : 0.25098040699958801
  }
}